--
-- PostgreSQL database dump
--

-- Dumped from database version 14.5
-- Dumped by pg_dump version 14.5

SET statement_timeout = 0;
SET lock_timeout = 0;
SET idle_in_transaction_session_timeout = 0;
SET client_encoding = 'UTF8';
SET standard_conforming_strings = on;
SELECT pg_catalog.set_config('search_path', '', false);
SET check_function_bodies = false;
SET xmloption = content;
SET client_min_messages = warning;
SET row_security = off;

--
-- Name: hibernate_sequence; Type: SEQUENCE; Schema: public; Owner: postgres
--

CREATE SEQUENCE public.hibernate_sequence
    START WITH 1
    INCREMENT BY 1
    NO MINVALUE
    NO MAXVALUE
    CACHE 1;


ALTER TABLE public.hibernate_sequence OWNER TO postgres;

SET default_tablespace = '';

SET default_table_access_method = heap;

--
-- Name: price_lists; Type: TABLE; Schema: public; Owner: postgres
--

CREATE TABLE public.price_lists (
    price_list_id integer NOT NULL
);


ALTER TABLE public.price_lists OWNER TO postgres;

--
-- Name: prices; Type: TABLE; Schema: public; Owner: postgres
--

CREATE TABLE public.prices (
    id integer NOT NULL,
    price_list_id integer,
    product character varying(60),
    start_date date NOT NULL,
    end_date date NOT NULL,
    price numeric
);


ALTER TABLE public.prices OWNER TO postgres;

--
-- Name: prices_id_seq; Type: SEQUENCE; Schema: public; Owner: postgres
--

CREATE SEQUENCE public.prices_id_seq
    AS integer
    START WITH 1
    INCREMENT BY 1
    NO MINVALUE
    NO MAXVALUE
    CACHE 1;


ALTER TABLE public.prices_id_seq OWNER TO postgres;

--
-- Name: prices_id_seq; Type: SEQUENCE OWNED BY; Schema: public; Owner: postgres
--

ALTER SEQUENCE public.prices_id_seq OWNED BY public.prices.id;


--
-- Name: readings; Type: TABLE; Schema: public; Owner: postgres
--

CREATE TABLE public.readings (
    id integer NOT NULL,
    ref_number integer,
    product character varying(30) NOT NULL,
    date timestamp without time zone NOT NULL,
    value numeric
);


ALTER TABLE public.readings OWNER TO postgres;

--
-- Name: readings_id_seq; Type: SEQUENCE; Schema: public; Owner: postgres
--

CREATE SEQUENCE public.readings_id_seq
    AS integer
    START WITH 1
    INCREMENT BY 1
    NO MINVALUE
    NO MAXVALUE
    CACHE 1;


ALTER TABLE public.readings_id_seq OWNER TO postgres;

--
-- Name: readings_id_seq; Type: SEQUENCE OWNED BY; Schema: public; Owner: postgres
--

ALTER SEQUENCE public.readings_id_seq OWNED BY public.readings.id;


--
-- Name: users; Type: TABLE; Schema: public; Owner: postgres
--

CREATE TABLE public.users (
    id integer NOT NULL,
    name character varying(60) NOT NULL,
    ref_number integer,
    price_list_id integer
);


ALTER TABLE public.users OWNER TO postgres;

--
-- Name: users_id_seq; Type: SEQUENCE; Schema: public; Owner: postgres
--

CREATE SEQUENCE public.users_id_seq
    AS integer
    START WITH 1
    INCREMENT BY 1
    NO MINVALUE
    NO MAXVALUE
    CACHE 1;


ALTER TABLE public.users_id_seq OWNER TO postgres;

--
-- Name: users_id_seq; Type: SEQUENCE OWNED BY; Schema: public; Owner: postgres
--

ALTER SEQUENCE public.users_id_seq OWNED BY public.users.id;


--
-- Name: prices id; Type: DEFAULT; Schema: public; Owner: postgres
--

ALTER TABLE ONLY public.prices ALTER COLUMN id SET DEFAULT nextval('public.prices_id_seq'::regclass);


--
-- Name: readings id; Type: DEFAULT; Schema: public; Owner: postgres
--

ALTER TABLE ONLY public.readings ALTER COLUMN id SET DEFAULT nextval('public.readings_id_seq'::regclass);


--
-- Name: users id; Type: DEFAULT; Schema: public; Owner: postgres
--

ALTER TABLE ONLY public.users ALTER COLUMN id SET DEFAULT nextval('public.users_id_seq'::regclass);


--
-- Data for Name: price_lists; Type: TABLE DATA; Schema: public; Owner: postgres
--

COPY public.price_lists (price_list_id) FROM stdin;
1
2
\.


--
-- Data for Name: prices; Type: TABLE DATA; Schema: public; Owner: postgres
--

COPY public.prices (id, price_list_id, product, start_date, end_date, price) FROM stdin;
1	1	gas	2021-01-01	2021-02-28	0.7
2	1	gas	2021-03-01	2022-04-28	1.4
3	2	gas	2021-01-01	2021-02-28	0.4
4	2	gas	2021-03-01	2022-04-28	4.4
\.


--
-- Data for Name: readings; Type: TABLE DATA; Schema: public; Owner: postgres
--

COPY public.readings (id, ref_number, product, date, value) FROM stdin;
1	2	gas	2021-01-01 11:00:00	1444
2	1	gas	2021-01-01 12:00:00	1480
3	3	gas	2021-01-01 17:40:00	1302
4	3	gas	2021-03-11 10:00:00	1738
5	1	gas	2021-03-17 13:20:00	1567
6	2	gas	2021-03-25 16:40:00	1596
7	2	gas	2021-04-28 01:40:00	1845
\.


--
-- Data for Name: users; Type: TABLE DATA; Schema: public; Owner: postgres
--

COPY public.users (id, name, ref_number, price_list_id) FROM stdin;
1	Marko Boikov Tsvetkov	1	1
2	Kosena Assenova Vankova	3	1
3	Ludmil Aleksandrov Ilev	2	2
\.


--
-- Name: hibernate_sequence; Type: SEQUENCE SET; Schema: public; Owner: postgres
--

SELECT pg_catalog.setval('public.hibernate_sequence', 30, true);


--
-- Name: prices_id_seq; Type: SEQUENCE SET; Schema: public; Owner: postgres
--

SELECT pg_catalog.setval('public.prices_id_seq', 4, true);


--
-- Name: readings_id_seq; Type: SEQUENCE SET; Schema: public; Owner: postgres
--

SELECT pg_catalog.setval('public.readings_id_seq', 7, true);


--
-- Name: users_id_seq; Type: SEQUENCE SET; Schema: public; Owner: postgres
--

SELECT pg_catalog.setval('public.users_id_seq', 3, true);


--
-- Name: price_lists price_lists_pkey; Type: CONSTRAINT; Schema: public; Owner: postgres
--

ALTER TABLE ONLY public.price_lists
    ADD CONSTRAINT price_lists_pkey PRIMARY KEY (price_list_id);


--
-- Name: prices prices_pkey; Type: CONSTRAINT; Schema: public; Owner: postgres
--

ALTER TABLE ONLY public.prices
    ADD CONSTRAINT prices_pkey PRIMARY KEY (id);


--
-- Name: readings readings_pkey; Type: CONSTRAINT; Schema: public; Owner: postgres
--

ALTER TABLE ONLY public.readings
    ADD CONSTRAINT readings_pkey PRIMARY KEY (id);


--
-- Name: users users_pkey; Type: CONSTRAINT; Schema: public; Owner: postgres
--

ALTER TABLE ONLY public.users
    ADD CONSTRAINT users_pkey PRIMARY KEY (id);


--
-- Name: users fkjl2gnh84bevk2aitgnujq45ed; Type: FK CONSTRAINT; Schema: public; Owner: postgres
--

ALTER TABLE ONLY public.users
    ADD CONSTRAINT fkjl2gnh84bevk2aitgnujq45ed FOREIGN KEY (price_list_id) REFERENCES public.price_lists(price_list_id);


--
-- Name: prices fkmgsve72yovkkh1xgenhx8ahcx; Type: FK CONSTRAINT; Schema: public; Owner: postgres
--

ALTER TABLE ONLY public.prices
    ADD CONSTRAINT fkmgsve72yovkkh1xgenhx8ahcx FOREIGN KEY (price_list_id) REFERENCES public.price_lists(price_list_id);


--
-- Name: readings fks5x8e0rkirg7j5d450y6alq8r; Type: FK CONSTRAINT; Schema: public; Owner: postgres
--

ALTER TABLE ONLY public.readings
    ADD CONSTRAINT fks5x8e0rkirg7j5d450y6alq8r FOREIGN KEY (ref_number) REFERENCES public.users(id);


--
-- PostgreSQL database dump complete
--

